{"eval/loss":0.02627742476761341,"train_samples_per_second":51.017,"train/learning_rate":3.162878787878788e-05,"train/global_step":130,"total_flos":0,"_wandb":{"runtime":1474},"eval/steps_per_second":0.26,"train_steps_per_second":0.199,"_step":53,"train/grad_norm":17.64447021484375,"train/epoch":3.0952380952380953,"eval/samples_per_second":64.572,"train_runtime":1474.3094,"eval/runtime":34.5506,"train/loss":1.0624,"train_loss":5.433719774392935,"_runtime":1473.706875181,"_timestamp":1.7393772408916414e+09}