{"train/loss":0.0438,"train/global_step":130,"train/learning_rate":1.076388888888889e-05,"train_samples_per_second":91.813,"eval/samples_per_second":241.682,"train/grad_norm":3.258915662765503,"eval/runtime":5.1555,"_step":53,"eval/steps_per_second":0.97,"train_loss":0.9379923877807764,"_wandb":{"runtime":450},"train/epoch":5.621621621621622,"total_flos":0,"train_steps_per_second":0.358,"_timestamp":1.7398789103509617e+09,"_runtime":449.248303154,"eval/loss":2.065268039703369,"train_runtime":449.9043}