{"eval/steps_per_second":0.489,"_wandb":{"runtime":35},"eval/runtime":34.7692,"train/epoch":0,"_step":0,"eval/samples_per_second":61.951,"eval/loss":0.07311812788248062,"_runtime":35.328928351,"_timestamp":1.7387230876091902e+09,"train/global_step":0}