{"eval/loss":0.039311252534389496,"train_runtime":1591.0843,"train_samples_per_second":75.359,"eval/runtime":24.9782,"train/loss":3.9644,"_runtime":1590.482307083,"_timestamp":1.7392608040624998e+09,"_wandb":{"runtime":1590},"train/epoch":3.283582089552239,"_step":89,"train_loss":8.461260351267727,"train/grad_norm":25.20730972290039,"train/learning_rate":2.950236966824645e-05,"eval/steps_per_second":0.601,"train_steps_per_second":0.295,"train/global_step":220,"eval/samples_per_second":147.048,"total_flos":0}