{"train/loss":0.8588,"eval/steps_per_second":1.014,"_wandb":{"runtime":1020},"_timestamp":1.7386885545723386e+09,"train_samples_per_second":71.436,"train/learning_rate":3.8293650793650795e-05,"train_steps_per_second":0.274,"_step":37,"_runtime":1020.091335656,"train/global_step":90,"train/grad_norm":14.737645149230957,"eval/runtime":33.5177,"train/epoch":2.147239263803681,"total_flos":0,"eval/samples_per_second":64.265,"train_runtime":1020.668,"eval/loss":0.051619596779346466,"train_loss":4.206476309564379}