{"eval/steps_per_second":0.957,"_step":0,"eval/runtime":36.5916,"eval/loss":0.10996488481760025,"_wandb":{"runtime":38},"eval/samples_per_second":60.478,"_runtime":37.145879255,"_timestamp":1.7387233370914207e+09,"train/global_step":0,"train/epoch":0}