{"_timestamp":1.738723089829415e+09,"eval/samples_per_second":57.669,"train/global_step":0,"_wandb":{"runtime":39},"_runtime":38.940646645,"_step":0,"eval/steps_per_second":0.469,"eval/runtime":38.3743,"train/epoch":0,"eval/loss":0.0749589055776596}