{"eval/runtime":40.022,"eval/steps_per_second":0.225,"_runtime":40.604873965,"_wandb":{"runtime":41},"train/epoch":0,"_step":0,"train/global_step":0,"eval/loss":0.06530984491109848,"eval/samples_per_second":55.295,"_timestamp":1.7387232333979518e+09}