{"train/grad_norm":25.20730972290039,"train_runtime":1598.6015,"total_flos":0,"eval/loss":0.039311252534389496,"train_samples_per_second":75.005,"train/loss":3.9644,"eval/steps_per_second":0.597,"train/epoch":3.283582089552239,"train_loss":8.461260351267727,"eval/samples_per_second":146.136,"_step":89,"_runtime":1597.975371254,"train/global_step":220,"eval/runtime":25.1342,"train/learning_rate":2.950236966824645e-05,"train_steps_per_second":0.293,"_timestamp":1.739257751741745e+09,"_wandb":{"runtime":1597}}