{"train_steps_per_second":0.269,"_timestamp":1.7387250536626868e+09,"train/epoch":2.147239263803681,"_wandb":{"runtime":1040},"_step":37,"_runtime":1039.671047212,"total_flos":0,"eval/loss":0.029032137244939804,"train/global_step":90,"train/learning_rate":3.8293650793650795e-05,"train_samples_per_second":70.088,"eval/samples_per_second":61.755,"eval/steps_per_second":0.258,"train_loss":6.863330492708418,"eval/runtime":34.8799,"train/loss":1.7843,"train_runtime":1040.2863,"train/grad_norm":23.706405639648438}