{"eval/steps_per_second":0.929,"train_loss":4.292492926120758,"eval/loss":0.05336107686161995,"train_steps_per_second":0.256,"train_samples_per_second":66.524,"train/grad_norm":16.207761764526367,"eval/runtime":37.6853,"eval/samples_per_second":58.723,"train_runtime":1091.8237,"_wandb":{"runtime":1092},"_timestamp":1.7386884442335696e+09,"total_flos":0,"_runtime":1091.272701825,"train/learning_rate":3.84920634920635e-05,"train/global_step":90,"_step":37,"train/epoch":2.147239263803681,"train/loss":0.9542}