{"_step":89,"train_samples_per_second":75.782,"train/learning_rate":2.950236966824645e-05,"train_steps_per_second":0.296,"train_runtime":1582.2151,"train/epoch":3.283582089552239,"train_loss":8.461260351267727,"eval/runtime":24.3788,"train/grad_norm":25.20730972290039,"eval/steps_per_second":0.615,"_timestamp":1.738903684701917e+09,"train/loss":3.9644,"_runtime":1581.655490228,"total_flos":0,"eval/loss":0.039311252534389496,"train/global_step":220,"_wandb":{"runtime":1581},"eval/samples_per_second":150.664}