{"eval/runtime":4.2687,"eval/loss":2.0690958499908447,"train_samples_per_second":88.504,"train/epoch":5.405405405405405,"_timestamp":1.7398797727444994e+09,"train/global_step":125,"_wandb":{"runtime":466},"train_runtime":466.7246,"_step":51,"train/grad_norm":1.797947883605957,"eval/samples_per_second":291.892,"train/loss":0.0447,"total_flos":0,"eval/steps_per_second":1.171,"train_steps_per_second":0.345,"train/learning_rate":1.25e-05,"_runtime":466.070478548,"train_loss":0.9737427712678909}