{"_wandb":{"runtime":36},"eval/steps_per_second":0.256,"eval/samples_per_second":61.335,"train/epoch":0,"_timestamp":1.7387232313649552e+09,"_runtime":35.683746062,"_step":0,"eval/runtime":35.1185,"eval/loss":0.059289004653692245,"train/global_step":0}