{"train/learning_rate":2.9365079365079366e-05,"train/loss":1.6792,"eval/loss":0.0288222748786211,"eval/samples_per_second":67.069,"train_loss":5.0840785026550295,"_wandb":{"runtime":1444},"train/epoch":3.36697247706422,"_runtime":1443.917697308,"_timestamp":1.738938997842918e+09,"train/grad_norm":18.884265899658203,"eval/runtime":33.1153,"_step":55,"train_samples_per_second":50.557,"train_runtime":1444.5204,"train/global_step":135,"eval/steps_per_second":0.272,"train_steps_per_second":0.194,"total_flos":0}