{"_runtime":1090.389348819,"train/global_step":90,"train_steps_per_second":0.257,"total_flos":0,"eval/runtime":38.5852,"train_samples_per_second":66.574,"_step":37,"_wandb":{"runtime":1091},"eval/samples_per_second":57.354,"_timestamp":1.7387248760147526e+09,"train/learning_rate":3.8293650793650795e-05,"train_loss":7.129832147227393,"train_runtime":1090.9973,"eval/loss":0.027761878445744514,"eval/steps_per_second":0.233,"train/grad_norm":30.694414138793945,"train/loss":1.7716,"train/epoch":2.147692307692308}